round,query_family,records
round1,crossref_references_10,10
round1,europepmc_topic_counts_8,8
round1,openalex_concept_counts_5,5
round1,arxiv_preprints_3,3
round1,semanticscholar_xenobot,3
round1,ncbi_pubmed_counts_3,3
round2,pubchem_solvents_10,10
round2,wikidata_entities_10,10
round2,biorxiv_preprints_5,6
round2,zenodo_datasets_3x5,3
round2,datacite_datasets_3x5,3
round2,openalex_reference_records_10,10
round2,coolprop_water_properties,5
round2,uncertainties_psi_tolerance,2
round3,semanticscholar_references_13,13
round3,europepmc_topics_10,10
round3,pubmed_terms_10,10
TOTAL,,114
